id,season,city,date,team1,team2,toss_winner,toss_decision,winner,venue,player_of_match
1,2022,Test City,2022-04-02,Chennai Super Kings,Mumbai Indians,Chennai Super Kings,bat,Chennai Super Kings,Eden Gardens,Player_23
2,2022,Test City,2022-04-03,Delhi Capitals,Mumbai Indians,Mumbai Indians,field,Delhi Capitals,Rajiv Gandhi International Stadium,Player_2
3,2021,Test City,2022-04-04,Delhi Capitals,Royal Challengers Bangalore,Royal Challengers Bangalore,field,Royal Challengers Bangalore,Feroz Shah Kotla,Player_25
4,2023,Test City,2022-04-05,Sunrisers Hyderabad,Mumbai Indians,Mumbai Indians,field,Mumbai Indians,Eden Gardens,Player_44
5,2023,Test City,2022-04-06,Mumbai Indians,Sunrisers Hyderabad,Mumbai Indians,bat,Mumbai Indians,M.Chinnaswamy Stadium,Player_4
6,2022,Test City,2022-04-07,Sunrisers Hyderabad,Royal Challengers Bangalore,Sunrisers Hyderabad,field,Sunrisers Hyderabad,Feroz Shah Kotla,Player_28
7,2022,Test City,2022-04-08,Mumbai Indians,Delhi Capitals,Delhi Capitals,bat,Delhi Capitals,Feroz Shah Kotla,Player_2
8,2022,Test City,2022-04-09,Royal Challengers Bangalore,Chennai Super Kings,Royal Challengers Bangalore,field,Chennai Super Kings,M.Chinnaswamy Stadium,Player_36
9,2022,Test City,2022-04-10,Delhi Capitals,Royal Challengers Bangalore,Delhi Capitals,field,Delhi Capitals,Rajiv Gandhi International Stadium,Player_24
10,2021,Test City,2022-04-11,Sunrisers Hyderabad,Royal Challengers Bangalore,Sunrisers Hyderabad,bat,Sunrisers Hyderabad,Wankhede Stadium,Player_7
11,2023,Test City,2022-04-12,Mumbai Indians,Delhi Capitals,Mumbai Indians,bat,Delhi Capitals,Eden Gardens,Player_33
12,2021,Test City,2022-04-13,Chennai Super Kings,Kolkata Knight Riders,Chennai Super Kings,field,Chennai Super Kings,Feroz Shah Kotla,Player_34
13,2021,Test City,2022-04-14,Kolkata Knight Riders,Sunrisers Hyderabad,Kolkata Knight Riders,bat,Kolkata Knight Riders,Eden Gardens,Player_1
14,2023,Test City,2022-04-15,Chennai Super Kings,Sunrisers Hyderabad,Chennai Super Kings,bat,Chennai Super Kings,M.Chinnaswamy Stadium,Player_42
15,2021,Test City,2022-04-16,Chennai Super Kings,Mumbai Indians,Chennai Super Kings,bat,Mumbai Indians,Feroz Shah Kotla,Player_30
16,2023,Test City,2022-04-17,Mumbai Indians,Chennai Super Kings,Chennai Super Kings,bat,Chennai Super Kings,Eden Gardens,Player_22
17,2022,Test City,2022-04-18,Royal Challengers Bangalore,Sunrisers Hyderabad,Royal Challengers Bangalore,bat,Sunrisers Hyderabad,Eden Gardens,Player_28
18,2021,Test City,2022-04-19,Mumbai Indians,Royal Challengers Bangalore,Royal Challengers Bangalore,bat,Royal Challengers Bangalore,Wankhede Stadium,Player_3
19,2023,Test City,2022-04-20,Delhi Capitals,Kolkata Knight Riders,Delhi Capitals,bat,Kolkata Knight Riders,Eden Gardens,Player_32
20,2022,Test City,2022-04-21,Royal Challengers Bangalore,Delhi Capitals,Delhi Capitals,field,Delhi Capitals,M.Chinnaswamy Stadium,Player_3
21,2022,Test City,2022-04-22,Mumbai Indians,Royal Challengers Bangalore,Mumbai Indians,field,Royal Challengers Bangalore,Rajiv Gandhi International Stadium,Player_32
22,2022,Test City,2022-04-23,Delhi Capitals,Kolkata Knight Riders,Delhi Capitals,field,Kolkata Knight Riders,Feroz Shah Kotla,Player_11
23,2022,Test City,2022-04-24,Delhi Capitals,Kolkata Knight Riders,Delhi Capitals,field,Kolkata Knight Riders,Eden Gardens,Player_48
24,2023,Test City,2022-04-25,Delhi Capitals,Mumbai Indians,Mumbai Indians,bat,Delhi Capitals,Feroz Shah Kotla,Player_19
25,2021,Test City,2022-04-26,Chennai Super Kings,Sunrisers Hyderabad,Sunrisers Hyderabad,bat,Sunrisers Hyderabad,Wankhede Stadium,Player_40
26,2022,Test City,2022-04-27,Sunrisers Hyderabad,Kolkata Knight Riders,Kolkata Knight Riders,bat,Sunrisers Hyderabad,M.Chinnaswamy Stadium,Player_35
27,2021,Test City,2022-04-28,Royal Challengers Bangalore,Delhi Capitals,Delhi Capitals,bat,Delhi Capitals,Feroz Shah Kotla,Player_5
28,2023,Test City,2022-04-29,Mumbai Indians,Kolkata Knight Riders,Mumbai Indians,bat,Kolkata Knight Riders,Feroz Shah Kotla,Player_24
29,2022,Test City,2022-04-30,Mumbai Indians,Delhi Capitals,Delhi Capitals,field,Delhi Capitals,Eden Gardens,Player_48
30,2022,Test City,2022-04-01,Mumbai Indians,Kolkata Knight Riders,Kolkata Knight Riders,field,Kolkata Knight Riders,M.Chinnaswamy Stadium,Player_35
31,2023,Test City,2022-04-02,Royal Challengers Bangalore,Mumbai Indians,Royal Challengers Bangalore,field,Royal Challengers Bangalore,Eden Gardens,Player_17
32,2022,Test City,2022-04-03,Sunrisers Hyderabad,Mumbai Indians,Sunrisers Hyderabad,field,Mumbai Indians,Rajiv Gandhi International Stadium,Player_8
33,2021,Test City,2022-04-04,Delhi Capitals,Kolkata Knight Riders,Delhi Capitals,field,Delhi Capitals,Rajiv Gandhi International Stadium,Player_48
34,2022,Test City,2022-04-05,Delhi Capitals,Mumbai Indians,Delhi Capitals,field,Mumbai Indians,Rajiv Gandhi International Stadium,Player_46
35,2022,Test City,2022-04-06,Mumbai Indians,Sunrisers Hyderabad,Sunrisers Hyderabad,bat,Mumbai Indians,Rajiv Gandhi International Stadium,Player_31
36,2021,Test City,2022-04-07,Mumbai Indians,Delhi Capitals,Mumbai Indians,field,Mumbai Indians,Eden Gardens,Player_18
37,2022,Test City,2022-04-08,Sunrisers Hyderabad,Kolkata Knight Riders,Sunrisers Hyderabad,field,Kolkata Knight Riders,M.Chinnaswamy Stadium,Player_27
38,2022,Test City,2022-04-09,Royal Challengers Bangalore,Kolkata Knight Riders,Royal Challengers Bangalore,bat,Royal Challengers Bangalore,Rajiv Gandhi International Stadium,Player_42
39,2023,Test City,2022-04-10,Delhi Capitals,Kolkata Knight Riders,Delhi Capitals,field,Kolkata Knight Riders,Wankhede Stadium,Player_36
40,2023,Test City,2022-04-11,Sunrisers Hyderabad,Royal Challengers Bangalore,Royal Challengers Bangalore,field,Sunrisers Hyderabad,Feroz Shah Kotla,Player_34
41,2022,Test City,2022-04-12,Delhi Capitals,Kolkata Knight Riders,Kolkata Knight Riders,bat,Kolkata Knight Riders,M.Chinnaswamy Stadium,Player_22
42,2021,Test City,2022-04-13,Royal Challengers Bangalore,Sunrisers Hyderabad,Sunrisers Hyderabad,bat,Sunrisers Hyderabad,Wankhede Stadium,Player_8
43,2022,Test City,2022-04-14,Mumbai Indians,Royal Challengers Bangalore,Royal Challengers Bangalore,field,Mumbai Indians,Eden Gardens,Player_40
44,2023,Test City,2022-04-15,Chennai Super Kings,Royal Challengers Bangalore,Chennai Super Kings,bat,Royal Challengers Bangalore,Eden Gardens,Player_28
45,2021,Test City,2022-04-16,Royal Challengers Bangalore,Kolkata Knight Riders,Kolkata Knight Riders,bat,Royal Challengers Bangalore,Feroz Shah Kotla,Player_1
46,2021,Test City,2022-04-17,Kolkata Knight Riders,Delhi Capitals,Delhi Capitals,field,Delhi Capitals,Rajiv Gandhi International Stadium,Player_1
47,2023,Test City,2022-04-18,Kolkata Knight Riders,Royal Challengers Bangalore,Kolkata Knight Riders,field,Royal Challengers Bangalore,Rajiv Gandhi International Stadium,Player_22
48,2022,Test City,2022-04-19,Kolkata Knight Riders,Royal Challengers Bangalore,Kolkata Knight Riders,field,Royal Challengers Bangalore,Feroz Shah Kotla,Player_5
49,2022,Test City,2022-04-20,Sunrisers Hyderabad,Royal Challengers Bangalore,Royal Challengers Bangalore,bat,Royal Challengers Bangalore,Rajiv Gandhi International Stadium,Player_23
50,2022,Test City,2022-04-21,Royal Challengers Bangalore,Kolkata Knight Riders,Kolkata Knight Riders,field,Royal Challengers Bangalore,M.Chinnaswamy Stadium,Player_19
